category_url,product_name,price,rating,reviews,product_url
https://www.banggood.com/Wholesale-Sports-Camera-and-Accessories-ca-2345.html?bid=2107050502&from=nav,Hohem MIC-01 1-to-2 Wireless Lavalier Microphone CD Lossless Sound 360° Omnidirectional Sound Pickup Noise Cancelling Recording Live Streaming Mic with Backup Stroage Plug and Play for iPhone Android MFI Certificated,US$85.99,5.00,2 reviews,https://www.banggood.com/Hohem-MIC-01-1-to-2-Wireless-Lavalier-Microphone-CD-Lossless-Sound-360-Omnidirectional-Sound-Pickup-Noise-Cancelling-Recording-Live-Streaming-Mic-with-Backup-Stroage-Plug-and-Play-for-iPhone-Android-MFI-Certificated-p-2012815.html?cur_warehouse=CN&ID=6326404&rmmds=CategoryElectronicsPop&trace_id=24a41763841242643
https://www.banggood.com/Wholesale-Sports-Camera-and-Accessories-ca-2345.html?bid=2107050502&from=nav,Hohem MIC-01 1-to-1 Wireless Lavalier Microphone DSP Noise Cancelling Recording Live Streaming Mic Plug and Play for iPhone Android,US$64.99,5.00,5 reviews,https://www.banggood.com/Hohem-MIC-01-1-to-1-Wireless-Lavalier-Microphone-DSP-Noise-Cancelling-Recording-Live-Streaming-Mic-Plug-and-Play-for-iPhone-Android-p-2012820.html?cur_warehouse=CN&ID=6326400&rmmds=CategoryElectronicsPop&trace_id=24a41763841242643
https://www.banggood.com/Wholesale-Microphones-ca-2352.html?bid=2107050502&akmClientCountry=PK&from=nav,Hohem MIC-01 1-to-2 Wireless Lavalier Microphone CD Lossless Sound 360° Omnidirectional Sound Pickup Noise Cancelling Recording Live Streaming Mic with Backup Stroage Plug and Play for iPhone Android MFI Certificated,US$85.99,5.00,2 reviews,https://www.banggood.com/Hohem-MIC-01-1-to-2-Wireless-Lavalier-Microphone-CD-Lossless-Sound-360-Omnidirectional-Sound-Pickup-Noise-Cancelling-Recording-Live-Streaming-Mic-with-Backup-Stroage-Plug-and-Play-for-iPhone-Android-MFI-Certificated-p-2012815.html?cur_warehouse=CN&ID=6326404&rmmds=CategoryElectronicsPop&trace_id=19181763841255868
https://www.banggood.com/Wholesale-Microphones-ca-2352.html?bid=2107050502&akmClientCountry=PK&from=nav,Hohem MIC-01 1-to-1 Wireless Lavalier Microphone DSP Noise Cancelling Recording Live Streaming Mic Plug and Play for iPhone Android,US$64.99,5.00,5 reviews,https://www.banggood.com/Hohem-MIC-01-1-to-1-Wireless-Lavalier-Microphone-DSP-Noise-Cancelling-Recording-Live-Streaming-Mic-Plug-and-Play-for-iPhone-Android-p-2012820.html?cur_warehouse=CN&ID=6326400&rmmds=CategoryElectronicsPop&trace_id=19181763841255868
https://www.banggood.com/Wholesale-RC-Drones-ca-7002.html?bid=21070101&from=nav,Mini Gesture Sensing Levitation Flying Led Light Crystal Ball RC Helicopter Kids Toys,US$18.99,5.00,5 reviews,https://www.banggood.com/Mini-Gesture-Sensing-Levitation-Flying-Led-Light-Crystal-Ball-RC-Helicopter-Kids-Toys-p-1978021.html?cur_warehouse=CN&ID=6321682&rmmds=CategoryToysPop&trace_id=eda61763839354139
https://www.banggood.com/Wholesale-RC-Drones-ca-7002.html?bid=21070101&from=nav,Gesture Sensing Smart Levitation Led Light Altitude Hold Transparent RC Helicopter Kids Toys,US$10.99,5.00,6 reviews,https://www.banggood.com/Gesture-Sensing-Smart-Levitation-Led-Light-Altitude-Hold-Transparent-RC-Helicopter-Kids-Toys-p-1978025.html?cur_warehouse=CN&ID=6321685&rmmds=CategoryToysPop&trace_id=eda61763839354139
https://www.banggood.com/Wholesale-3D-Printer-Accessories-ca-2005.html?bid=2107050103&from=nav,Soldering Iron Tip Kit 3D Printing Modify Finishing Tool Brass Thread Embedded Heat Insert Nut Iron Tip Heat Set Insert Tools,US$5.99,5.00,2 reviews,https://www.banggood.com/Soldering-Iron-Tip-Kit-3D-Printing-Modify-Finishing-Tool-Brass-Thread-Embedded-Heat-Insert-Nut-Iron-Tip-Heat-Set-Insert-Tools-p-2016863.html?cur_warehouse=CN&ID=6327392&rmmds=CategoryElectronicsPop&trace_id=f0761763841276718
https://www.banggood.com/Wholesale-3D-Printer-Accessories-ca-2005.html?bid=2107050103&from=nav,3D Printer Hot End Kit for Ender-3 V2 Neo/Ender-3 Max Neo/ Ender-3 V2 Neo Hotend 24V 40W Thermistor with 0.4mm Nozzle,US$10.99,5.00,3 reviews,https://www.banggood.com/3D-Printer-Hot-End-Kit-for-Ender-3-V2-Neo-or-Ender-3-Max-Neo-or-Ender-3-V2-Neo-Hotend-24V-40W-Thermistor-with-0_4mm-Nozzle-p-2016865.html?cur_warehouse=CN&ID=6327382&rmmds=CategoryElectronicsPop&trace_id=f0761763841276718
https://www.banggood.com/Wholesale-3D-Printer-Accessories-ca-2005.html?bid=2107050103&from=nav,Threaded Knurled Heating Head for 3D Printer Insertnut Implant Connector Insert Nut Hot Melt Tool 3D Printer Soldering,US$4.99,5.00,1 review,https://www.banggood.com/Threaded-Knurled-Heating-Head-for-3D-Printer-Insertnut-Implant-Connector-Insert-Nut-Hot-Melt-Tool-3D-Printer-Soldering-p-2016862.html?cur_warehouse=CN&ID=6327399&rmmds=CategoryElectronicsPop&trace_id=f0761763841276718
https://www.banggood.com/Wholesale-3D-Printer-Accessories-ca-2005.html?bid=2107050103&from=nav,3D Printer Accessories M2 M3 M4 M5 M6 M8 VORON2.4 Heat Insert Nut Iron Tip 936 Soldering Iron Thread Embedded Kit Heat Insertion Tool,US$4.99,5.00,4 reviews,https://www.banggood.com/3D-Printer-Accessories-M2-M3-M4-M5-M6-M8-VORON2_4-Heat-Insert-Nut-Iron-Tip-936-Soldering-Iron-Thread-Embedded-Kit-Heat-Insertion-Tool-p-2015616.html?cur_warehouse=CN&ID=6287849&rmmds=CategoryElectronicsPop&trace_id=f0761763841276718
https://www.banggood.com/Wholesale-3D-Printer-Accessories-ca-2005.html?bid=2107050103&from=nav,3D Printer Parts Prusa MK3S+ Extruder Nozzle Heating Kit High Temperature Resistance All-Metal Throat Brass Nozzle CNC Heating Block,US$19.99,,0 review,https://www.banggood.com/3D-Printer-Parts-Prusa-MK3S+-Extruder-Nozzle-Heating-Kit-High-Temperature-Resistance-All-Metal-Throat-Brass-Nozzle-CNC-Heating-Block-p-2021953.html?cur_warehouse=CN&ID=514943&rmmds=CategoryElectronicsPop&trace_id=f0761763841276718
https://www.banggood.com/Wholesale-3D-Printer-Accessories-ca-2005.html?bid=2107050103&from=nav,K1C Ceramic Heating Hotend Kit 0.4mm Nozzle 300°C High Temp Hardened Steel Chromium Zirconium Copper Titanium Alloy for 3D Printer PLA ABS PETG TPU Nylon,US$19.99,,0 review,https://www.banggood.com/K1C-Ceramic-Heating-Hotend-Kit-0_4mm-Nozzle-300C-High-Temp-Hardened-Steel-Chromium-Zirconium-Copper-Titanium-Alloy-for-3D-Printer-PLA-ABS-PETG-TPU-Nylon-p-2021965.html?cur_warehouse=CN&ID=556340&rmmds=CategoryElectronicsPop&trace_id=f0761763841276718
https://www.banggood.com/Wholesale-3D-Printer-Accessories-ca-2005.html?bid=2107050103&from=nav,Sunon 5015 24V Turbo Blower Cooling Fan for VORON 2.4 R2 3D Printer Accessories,US$10.99,5.00,1 review,https://www.banggood.com/Sunon-5015-24V-Turbo-Blower-Cooling-Fan-for-VORON-2_4-R2-3D-Printer-Accessories-p-2016711.html?cur_warehouse=CN&ID=6287830&rmmds=CategoryElectronicsPop&trace_id=f0761763841276718
https://www.banggood.com/Wholesale-3D-Printer-Accessories-ca-2005.html?bid=2107050103&from=nav,5015 5V Blower Fan 50*50*15mm Dual-ball Turbo Cooling Fan for MK3S+ 3D Printer Cooler Radiator Low Noise,US$7.99,,0 review,https://www.banggood.com/5015-5V-Blower-Fan-50+50+15mm-Dual-ball-Turbo-Cooling-Fan-for-MK3S+-3D-Printer-Cooler-Radiator-Low-Noise-p-2016712.html?cur_warehouse=CN&ID=6287830&rmmds=CategoryElectronicsPop&trace_id=f0761763841276718
https://www.banggood.com/Wholesale-3D-Printer-Accessories-ca-2005.html?bid=2107050103&from=nav,4010 Blower Fan 40*40*10mm 3D Printer Cooling Fan for MK3S+ 3D Printer Extruder,US$8.99,,0 review,https://www.banggood.com/4010-Blower-Fan-40+40+10mm-3D-Printer-Cooling-Fan-for-MK3S+-3D-Printer-Extruder-p-2016713.html?cur_warehouse=CN&ID=6287830&rmmds=CategoryElectronicsPop&trace_id=f0761763841276718
https://www.banggood.com/Wholesale-3D-Printer-Accessories-ca-2005.html?bid=2107050103&from=nav,FYSETC 1.5mm Thickness Hard Surface Magnetic Stickers High Temperature Resistance 3D Printer Parts for VORON2.4/Trident 3D Printer,US$18.99,5.00,1 review,https://www.banggood.com/FYSETC-1_5mm-Thickness-Hard-Surface-Magnetic-Stickers-High-Temperature-Resistance-3D-Printer-Parts-for-VORON2_4-or-Trident-3D-Printer-p-2016864.html?cur_warehouse=CN&ID=6327387&rmmds=CategoryElectronicsPop&trace_id=f0761763841276718
https://www.banggood.com/Wholesale-3D-Printer-Accessories-ca-2005.html?bid=2107050103&from=nav,10 Pcs NTC 100k / 100ohm Match MK2a 1% Thermistor Temperature Sensor For 3D Printer,US$3.99,5.00,2 reviews,https://www.banggood.com/10-Pcs-NTC-100k-or-100ohm-Match-MK2a-1-pencent-Thermistor-Temperature-Sensor-For-3D-Printer-p-1977425.html?cur_warehouse=CN&ID=6287853&rmmds=CategoryElectronicsPop&trace_id=f0761763841276718
https://www.banggood.com/Wholesale-3D-Printer-Accessories-ca-2005.html?bid=2107050103&from=nav,K1 K1 MAX Ceramic Heating Element Upgraded Hot End Kit 0.4mm Nozzle 550°C High Temp for 3D Printer MK8 PLA ABS PETG Nylon,US$15.99,5.00,1 review,https://www.banggood.com/K1-K1-MAX-Ceramic-Heating-Element-Upgraded-Hot-End-Kit-0_4mm-Nozzle-550C-High-Temp-for-3D-Printer-MK8-PLA-ABS-PETG-Nylon-p-2024492.html?cur_warehouse=CN&ID=6292509&rmmds=CategoryElectronicsPop&trace_id=f0761763841276718
https://www.banggood.com/Wholesale-3D-Printer-Accessories-ca-2005.html?bid=2107050103&from=nav,Toaiot Heat Insert Nut Iron Tip Hot Melt Heat Set Insert Tool Soldering Iron Tip 3D Printing Modify Finishing Brass Thread Embed,US$15.99,5.00,6 reviews,https://www.banggood.com/Toaiot-Heat-Insert-Nut-Iron-Tip-Hot-Melt-Heat-Set-Insert-Tool-Soldering-Iron-Tip-3D-Printing-Modify-Finishing-Brass-Thread-Embed-p-2022664.html?cur_warehouse=CN&ID=523698&rmmds=CategoryElectronicsPop&trace_id=f0761763841276718
https://www.banggood.com/Wholesale-3D-Printer-Accessories-ca-2005.html?bid=2107050103&from=nav,10M 2GT-6mm Rubber Opening Timing Belt S2M GT2 Belt For 3D Printer,US$14.99,4.99,168 reviews,https://www.banggood.com/10M-2GT-6mm-Rubber-Opening-Timing-Belt-S2M-GT2-Belt-For-3D-Printer-p-959253.html?cur_warehouse=CN&rmmds=CategoryElectronicsPop&trace_id=f0761763841276718
https://www.banggood.com/Wholesale-3D-Printer-Accessories-ca-2005.html?bid=2107050103&from=nav,3D Printer Nozzle E3D V6 Clone CHT Nozzle M6 High Flow Copper For 1.75MM Filament Brass Copper Print Head 0.4mm 0.6mm 0.8mm,US$8.99,3.50,4 reviews,https://www.banggood.com/3D-Printer-Nozzle-E3D-V6-Clone-CHT-Nozzle-M6-High-Flow-Copper-For-1_75MM-Filament-Brass-Copper-Print-Head-0_4mm-0_6mm-0_8mm-p-1983979.html?cur_warehouse=CN&ID=5223026298296&rmmds=CategoryElectronicsPop&trace_id=f0761763841276718
https://www.banggood.com/Wholesale-3D-Printer-Accessories-ca-2005.html?bid=2107050103&from=nav,TWO TREES® 3PCS 1Meters Blue PTFE Tube + 3 PC4-M6 Pneumatic Connector + 3 PC4-M10 Connectors for 3D Printer 1.75mm Filament,US$10.99,4.97,196 reviews,https://www.banggood.com/TWO-TREES-3PCS-1Meters-Blue-PTFE-Tube-+-3-PC4-M6-Pneumatic-Connector-+-3-PC4-M10-Connectors-for-3D-Printer-1_75mm-Filament-p-1562162.html?cur_warehouse=CN&rmmds=CategoryElectronicsPop&trace_id=f0761763841276718
https://www.banggood.com/Wholesale-3D-Printer-Accessories-ca-2005.html?bid=2107050103&from=nav,Artillery® ABL automatic leveling assembly for Sidewinder X2 & GPro 3D Printer Auto Heatbed Level spare parts,US$19.99,4.90,21 reviews,https://www.banggood.com/Artillery-ABL-automatic-leveling-assembly-for-Sidewinder-X2-and-GPro-3D-Printer-Auto-Heatbed-Level-spare-parts-p-1923722.html?cur_warehouse=CN&rmmds=CategoryElectronicsPop&trace_id=f0761763841276718
https://www.banggood.com/Wholesale-3D-Printer-Accessories-ca-2005.html?bid=2107050103&from=nav,20T GT2 Aluminium Timing Pulley 2GT 5M Belt For RepRap Prusa Mendel 3D Printer,US$11.99,4.95,441 reviews,https://www.banggood.com/20T-GT2-Aluminium-Timing-Pulley-2GT-5M-Belt-For-RepRap-Prusa-Mendel-3D-Printer-p-1081330.html?cur_warehouse=CN&rmmds=CategoryElectronicsPop&trace_id=f0761763841276718
https://www.banggood.com/Wholesale-3D-Printer-Accessories-ca-2005.html?bid=2107050103&from=nav,Artillery Hotend Assembly for SW-X3/ SW-X4,US$19.99,5.00,4 reviews,https://www.banggood.com/Artillery-Hotend-Assembly-for-SW-X3-or-SW-X4-p-2035723.html?cur_warehouse=CN&ID=6314378&rmmds=CategoryElectronicsPop&trace_id=f0761763841276718
https://www.banggood.com/Wholesale-3D-Printer-Accessories-ca-2005.html?bid=2107050103&from=nav,Artillery Mainboard For SW-X3 Plus,US$27.99,3.50,2 reviews,https://www.banggood.com/Artillery-Mainboard-For-SW-X3-Plus-p-2035724.html?cur_warehouse=CN&ID=6308406&rmmds=CategoryElectronicsPop&trace_id=f0761763841276718
https://www.banggood.com/Wholesale-3D-Printer-Accessories-ca-2005.html?bid=2107050103&from=nav,Artillery X4 Plus /X4 Pro Cable Harness 3D Printer Accessory,US$24.99,,0 review,https://www.banggood.com/Artillery-X4-Plus-or-X4-Pro-Cable-Harness-3D-Printer-Accessory-p-2037013.html?cur_warehouse=CN&ID=6333804&rmmds=CategoryElectronicsPop&trace_id=f0761763841276718
https://www.banggood.com/Wholesale-3D-Printer-Accessories-ca-2005.html?bid=2107050103&from=nav,Voron 0.1/2.4 BMG Double gear kit Be applicable to PRUSA/Bowden/Sherpa Extrusion mechanism,US$9.99,5.00,2 reviews,https://www.banggood.com/Voron-0_1-or-2_4-BMG-Double-gear-kit-Be-applicable-to-PRUSA-or-Bowden-or-Sherpa-Extrusion-mechanism-p-1986719.html?cur_warehouse=CN&ID=528136&rmmds=CategoryElectronicsPop&trace_id=f0761763841276718
https://www.banggood.com/Wholesale-3D-Printer-Accessories-ca-2005.html?bid=2107050103&from=nav,Blue Heat Masking Tape Resistant High Temperature Polyimide Adhesive Part Blue Sticker Heated Bed Protect Paper for 3D Printer,US$6.99,5.00,3 reviews,https://www.banggood.com/Blue-Heat-Masking-Tape-Resistant-High-Temperature-Polyimide-Adhesive-Part-Blue-Sticker-Heated-Bed-Protect-Paper-for-3D-Printer-p-1981348.html?cur_warehouse=CN&rmmds=CategoryElectronicsPop&trace_id=f0761763841276718
https://www.banggood.com/Wholesale-3D-Printer-Accessories-ca-2005.html?bid=2107050103&from=nav,TWO TREES® GT2 LL-2GT RF 2GT Open Synchronous Timing belt width 6mm Rubber Low dust low vibration VORON gates 3D printer,US$14.99,5.00,16 reviews,https://www.banggood.com/TWO-TREES-GT2-LL-2GT-RF-2GT-Open-Synchronous-Timing-belt-width-6mm-Rubber-Low-dust-low-vibration-VORON-gates-3D-printer-p-1875410.html?cur_warehouse=CN&ID=44707&rmmds=CategoryElectronicsPop&trace_id=f0761763841276718
https://www.banggood.com/Wholesale-3D-Printer-Accessories-ca-2005.html?bid=2107050103&from=nav,TWO TREES® Collapsible Silicone Funnels and Stainless Steel Resin Filter Cups for Pouring Resin Back into Bottle,US$8.99,4.83,47 reviews,https://www.banggood.com/TWO-TREES-Collapsible-Silicone-Funnels-and-Stainless-Steel-Resin-Filter-Cups-for-Pouring-Resin-Back-into-Bottle-p-1875450.html?cur_warehouse=CN&ID=6287832&rmmds=CategoryElectronicsPop&trace_id=f0761763841276718
https://www.banggood.com/Wholesale-3D-Printer-Accessories-ca-2005.html?bid=2107050103&from=nav,3D Printer Lab X1 Silicone Cover Protection High Temperature Wear-resistant Removable for Lab X1 Carbon X1 P1P Hotend Extruder,US$6.99,,0 review,https://www.banggood.com/3D-Printer-Lab-X1-Silicone-Cover-Protection-High-Temperature-Wear-resistant-Removable-for-Lab-X1-Carbon-X1-P1P-Hotend-Extruder-p-1985360.html?cur_warehouse=CN&ID=522199&rmmds=CategoryElectronicsPop&trace_id=f0761763841276718
https://www.banggood.com/Wholesale-3D-Printer-Accessories-ca-2005.html?bid=2107050103&from=nav,5PCS MK8/V6//Volcano Brass Nozzle PTFE Coating Nozzle Clone CHT MK8 V6 Nozzle For CR10 Ender3 SWX1 3d printer Hotend Extruder,US$6.99,,0 review,https://www.banggood.com/5PCS-MK8-or-V6-or-or-Volcano-Brass-Nozzle-PTFE-Coating-Nozzle-Clone-CHT-MK8-V6-Nozzle-For-CR10-Ender3-SWX1-3d-printer-Hotend-Extruder-p-1985376.html?cur_warehouse=CN&ID=62982966322584&rmmds=CategoryElectronicsPop&trace_id=f0761763841276718
https://www.banggood.com/Wholesale-3D-Printer-Accessories-ca-2005.html?bid=2107050103&from=nav,IDEAFORMER 0.4/1.75mm  M6 Thread Hardened Steel Volcanic Nozzle for 3D Printer Part,US$8.99,5.00,1 review,https://www.banggood.com/IDEAFORMER-0_4-or-1_75mm-M6-Thread-Hardened-Steel-Volcanic-Nozzle-for-3D-Printer-Part-p-1840267.html?cur_warehouse=CN&ID=6303240&rmmds=CategoryElectronicsPop&trace_id=f0761763841276718
https://www.banggood.com/Wholesale-3D-Printer-Accessories-ca-2005.html?bid=2107050103&from=nav,Toaiot oaiot CNC Full Metal Gantry 3D Printer Voron 2.4 R2 Voron Tridents Super Light CNC Part New Version for Voron 250/300/350mm,US$37.99,,0 review,https://www.banggood.com/Toaiot-oaiot-CNC-Full-Metal-Gantry-3D-Printer-Voron-2_4-R2-Voron-Tridents-Super-Light-CNC-Part-New-Version-for-Voron-250-or-300-or-350mm-p-2022661.html?cur_warehouse=CN&ID=6318880&rmmds=CategoryElectronicsPop&trace_id=f0761763841276718
https://www.banggood.com/Wholesale-3D-Printer-Accessories-ca-2005.html?bid=2107050103&from=nav,Toaiot TS100s Soldering Iron Tip Hot Melt Nut Indenter Kit Brass Inserts CNC Precision for M2 M3 M4 M5 M6 M8 Universal Soldering Iron Tips VORON Inlaid Nut Implant,US$19.99,,0 review,https://www.banggood.com/Toaiot-TS100s-Soldering-Iron-Tip-Hot-Melt-Nut-Indenter-Kit-Brass-Inserts-CNC-Precision-for-M2-M3-M4-M5-M6-M8-Universal-Soldering-Iron-Tips-VORON-Inlaid-Nut-Implant-p-2022677.html?cur_warehouse=CN&ID=6321535&rmmds=CategoryElectronicsPop&trace_id=f0761763841276718
